Gene,UniProt_ID,Challenge_Lane,Documented_Destination,Selected_Model,Locked_Development_Threshold,Challenge_Score,Challenge_Call,Recomputed_Score,Frozen_Score,Abs_Delta,Frozen_Call,Recomputed_Call,Score_Parity_PASS,Call_Parity_PASS
SEC61B,P60468,ER_TAIL_ANCHOR,ER membrane,LOGISTIC_ELASTICNET,0.5428662440774465,0.3424270838949827,0,0.3424270838949827,0.3424270838949827,0.0,0,0,True,True
VAPA,Q9P0L0,ER_TAIL_ANCHOR,ER membrane,LOGISTIC_ELASTICNET,0.5428662440774465,0.5855206810938434,1,0.5855206810938434,0.5855206810938434,0.0,1,1,True,True
VAPB,O95292,ER_TAIL_ANCHOR,ER membrane,LOGISTIC_ELASTICNET,0.5428662440774465,0.6331864733138775,1,0.6331864733138775,0.6331864733138775,0.0,1,1,True,True
CYB5A,P00167,ER_TAIL_ANCHOR,ER/microsomal membrane,LOGISTIC_ELASTICNET,0.5428662440774465,0.7712520817827666,1,0.7712520817827666,0.7712520817827666,0.0,1,1,True,True
PEX26,Q7Z412,PEROXISOME_TAIL_ANCHOR,Peroxisome membrane,LOGISTIC_ELASTICNET,0.5428662440774465,0.5090660324892562,0,0.5090660324892562,0.5090660324892562,0.0,0,0,True,True
ACBD5,Q5T8D3,PEROXISOME_TAIL_ANCHOR,Peroxisome membrane,LOGISTIC_ELASTICNET,0.5428662440774465,0.6259590835882335,1,0.6259590835882335,0.6259590835882335,0.0,1,1,True,True
FAR1,Q8WVX9,PEROXISOME_TAIL_ANCHOR,Peroxisome membrane,LOGISTIC_ELASTICNET,0.5428662440774465,0.6129224296714878,1,0.6129224296714878,0.6129224296714878,0.0,1,1,True,True
SEC61A1,P61619,ER_MULTIPASS,ER membrane,LOGISTIC_ELASTICNET,0.5428662440774465,0.5848057491567792,1,0.5848057491567792,0.5848057491567792,0.0,1,1,True,True
ATP2A2,P16615,ER_MULTIPASS,Sarcoplasmic/endoplasmic reticulum membrane,LOGISTIC_ELASTICNET,0.5428662440774465,0.7953170796440795,1,0.7953170796440795,0.7953170796440795,0.0,1,1,True,True
HMGCR,P04035,ER_MULTIPASS,ER membrane,LOGISTIC_ELASTICNET,0.5428662440774465,0.5018605494854071,0,0.5018605494854071,0.5018605494854071,0.0,0,0,True,True
FST,P19883,SECRETORY_CYS_RICH,Secreted/extracellular,LOGISTIC_ELASTICNET,0.5428662440774465,0.4864685120486876,0,0.4864685120486876,0.4864685120486876,0.0,0,0,True,True
TGFB1,P01137,SECRETORY_CYS_RICH,Secreted/extracellular,LOGISTIC_ELASTICNET,0.5428662440774465,0.3859071854041531,0,0.3859071854041531,0.3859071854041531,0.0,0,0,True,True
VEGFA,P15692,SECRETORY_CYS_RICH,Secreted/extracellular,LOGISTIC_ELASTICNET,0.5428662440774465,0.4728591167311451,0,0.4728591167311451,0.4728591167311451,0.0,0,0,True,True
SPARC,P09486,SECRETORY_CYS_RICH,Secreted/extracellular matrix,LOGISTIC_ELASTICNET,0.5428662440774465,0.746311961699604,1,0.746311961699604,0.746311961699604,0.0,1,1,True,True
