Gene,UniProt_ID,Frozen_Label,Mechanism_Class,Evidence_Tier,Pre_QC_Panel,FULL30_Core_CrossCluster,FULL30_Core_Members,N100_40_Core_CrossCluster,N100_40_Core_Members,Strict_H5I_Fail_Reasons,Final_Panel_Status,Secondary_Status,H5_Validation_Group,Binary_Target,HUNTER_Score,Frozen_Threshold,HUNTER_Call,Correct,Outcome,H5_Stratum,Sequence_Length,Sequence_Source,Recomputed_Score,Frozen_Score,Abs_Delta,Frozen_Call_Recalc,Recomputed_Call,Archived_Call,Threshold_Integrity_PASS,Score_Parity_PASS,Call_Parity_PASS
GDAP1,Q8TB36,H5_NCMTS_POS,NC_OMM_TAIL_ANCHOR,A1_DIRECT_HUMAN_TARGETING,H5-I_CANDIDATE,NO,,NO,,,H5-I_PRIMARY_ELIGIBLE,,H5G10,1,0.708746726297658,0.5428662440774465,1,1,TP,H5-I,358,HUNTER_MASTER_FREEZE_v1_2026/06_External_Validation/HUNTER_Stage24H5A_SequenceFreeze_v0_1_results/Stage24H5A_sequence_cache.csv,0.708746726297658,0.708746726297658,0.0,1,1,1,True,True,True
CHCHD3,Q9NX63,H5_NCMTS_POS,NC_IMS_MIA40_CHCHD4,A1_DIRECT_HUMAN_IMPORT,H5-I_CANDIDATE,NO,,NO,,,H5-I_PRIMARY_ELIGIBLE,,H5G12,1,0.6773027627115765,0.5428662440774465,1,1,TP,H5-I,227,HUNTER_MASTER_FREEZE_v1_2026/06_External_Validation/HUNTER_Stage24H5A_SequenceFreeze_v0_1_results/Stage24H5A_sequence_cache.csv,0.6773027627115765,0.6773027627115765,0.0,1,1,1,True,True,True
CHCHD10,Q8WYQ3,H5_NCMTS_POS,NC_IMS_MIA40_CHCHD4,A1_DIRECT_HUMAN_IMPORT,H5-I_CANDIDATE,NO,,NO,,,H5-I_PRIMARY_ELIGIBLE,,H5G12,1,0.3171665743354351,0.5428662440774465,0,0,FN,H5-I,142,HUNTER_MASTER_FREEZE_v1_2026/06_External_Validation/HUNTER_Stage24H5A_SequenceFreeze_v0_1_results/Stage24H5A_sequence_cache.csv,0.3171665743354351,0.3171665743354351,0.0,0,0,0,True,True,True
USP30,Q70CQ3,H5_NCMTS_POS,NC_OMM_N_TERMINAL_SIGNAL_ANCHOR,A1_DIRECT_HUMAN_TARGETING,H5-I_CANDIDATE,NO,,NO,,,H5-I_PRIMARY_ELIGIBLE,,H5G09,1,0.3583847637817325,0.5428662440774465,0,0,FN,H5-I,517,HUNTER_MASTER_FREEZE_v1_2026/06_External_Validation/HUNTER_Stage24H5A_SequenceFreeze_v0_1_results/Stage24H5A_sequence_cache.csv,0.35838476378173256,0.3583847637817325,5.551115123125783e-17,0,0,0,True,True,True
SYNJ2BP,P57105,H5_NCMTS_POS,NC_OMM_TAIL_ANCHOR,A1_DIRECT_HUMAN_INSERTION,H5-I_CANDIDATE,NO,,NO,,,H5-I_PRIMARY_ELIGIBLE,,H5G06,1,0.6943886237067332,0.5428662440774465,1,1,TP,H5-I,145,HUNTER_MASTER_FREEZE_v1_2026/06_External_Validation/HUNTER_Stage24H5A_SequenceFreeze_v0_1_results/Stage24H5A_sequence_cache.csv,0.6943886237067332,0.6943886237067332,0.0,1,1,1,True,True,True
CYB5B,O43169,H5_NCMTS_POS,NC_OMM_TAIL_ANCHOR,A1_DIRECT_MAMMALIAN_TARGETING_PLUS_HUMAN_INSERTION,H5-I_CANDIDATE,NO,,NO,,,H5-I_PRIMARY_ELIGIBLE,,H5G01,1,0.7535702152500402,0.5428662440774465,1,1,TP,H5-I,150,HUNTER_MASTER_FREEZE_v1_2026/06_External_Validation/HUNTER_Stage24H5A_SequenceFreeze_v0_1_results/Stage24H5A_sequence_cache.csv,0.7535702152500402,0.7535702152500402,0.0,1,1,1,True,True,True
MIEF1,Q9NQG6,H5_NCMTS_POS,NC_OMM_N_TERMINAL_SIGNAL_ANCHOR,A2_DIRECT_HUMAN_TOPOLOGY,H5-I_CANDIDATE,NO,,NO,,,H5-I_PRIMARY_ELIGIBLE,,H5G16,1,0.57858727305295,0.5428662440774465,1,1,TP,H5-I,463,HUNTER_MASTER_FREEZE_v1_2026/06_External_Validation/HUNTER_Stage24H5A_SequenceFreeze_v0_1_results/Stage24H5A_sequence_cache.csv,0.57858727305295,0.57858727305295,0.0,1,1,1,True,True,True
TOMM70,O94826,H5_NCMTS_POS,NC_OMM_N_TERMINAL_SIGNAL_ANCHOR,A2_DIRECT_HUMAN_IMPORT_TOPOLOGY,H5-I_CANDIDATE,NO,,NO,,,H5-I_PRIMARY_ELIGIBLE,,H5G03,1,0.5398625321640608,0.5428662440774465,0,0,FN,H5-I,608,HUNTER_MASTER_FREEZE_v1_2026/06_External_Validation/HUNTER_Stage24H5A_SequenceFreeze_v0_1_results/Stage24H5A_sequence_cache.csv,0.5398625321640608,0.5398625321640608,0.0,0,0,0,True,True,True
TSPO,P30536,H5_NCMTS_POS,NC_OMM_ALPHA_HELICAL_MULTIPASS,A2_HUMAN_OMM_MULTIPASS,H5-I_CANDIDATE,NO,,NO,,,H5-I_PRIMARY_ELIGIBLE,,H5G05,1,0.5161048144190166,0.5428662440774465,0,0,FN,H5-I,169,HUNTER_MASTER_FREEZE_v1_2026/06_External_Validation/HUNTER_Stage24H5A_SequenceFreeze_v0_1_results/Stage24H5A_sequence_cache.csv,0.5161048144190166,0.5161048144190166,0.0,0,0,0,True,True,True
MTCH1,Q9NZJ7,H5_NCMTS_POS,NC_OMM_ALPHA_HELICAL_MULTIPASS,A2_HUMAN_OMM_MULTIPASS,H5-I_CANDIDATE,NO,,NO,,,H5-I_PRIMARY_ELIGIBLE,,H5G18,1,0.5342037750800085,0.5428662440774465,0,0,FN,H5-I,389,HUNTER_MASTER_FREEZE_v1_2026/06_External_Validation/HUNTER_Stage24H5A_SequenceFreeze_v0_1_results/Stage24H5A_sequence_cache.csv,0.5342037750800085,0.5342037750800085,0.0,0,0,0,True,True,True
SIRT3,Q9NTG7,H5_CLASSICAL_REF,CLASSICAL_CLEAVABLE_PRESEQUENCE,A1_DIRECT_HUMAN_IMPORT_PROCESSING,H5-I_CANDIDATE,NO,,NO,,,H5-I_PRIMARY_ELIGIBLE,,H5G17,0,0.4493578384715918,0.5428662440774465,0,1,TN,H5-I,399,HUNTER_MASTER_FREEZE_v1_2026/06_External_Validation/HUNTER_Stage24H5A_SequenceFreeze_v0_1_results/Stage24H5A_sequence_cache.csv,0.44935783847159183,0.4493578384715918,5.551115123125783e-17,0,0,0,True,True,True
SIRT4,Q9Y6E7,H5_CLASSICAL_REF,CLASSICAL_CLEAVABLE_PRESEQUENCE,A1_HUMAN_IMPORT_PROCESSING,H5-I_CANDIDATE,NO,,NO,,,H5-I_PRIMARY_ELIGIBLE,,H5G17,0,0.3138756193317598,0.5428662440774465,0,1,TN,H5-I,314,HUNTER_MASTER_FREEZE_v1_2026/06_External_Validation/HUNTER_Stage24H5A_SequenceFreeze_v0_1_results/Stage24H5A_sequence_cache.csv,0.31387561933175984,0.3138756193317598,5.551115123125783e-17,0,0,0,True,True,True
ETHE1,O95571,H5_CLASSICAL_REF,CLASSICAL_CLEAVABLE_PRESEQUENCE,A1_DIRECT_HUMAN_IMPORT_PROCESSING,H5-I_CANDIDATE,NO,,NO,,,H5-I_PRIMARY_ELIGIBLE,,H5G04,0,0.4240111597406883,0.5428662440774465,0,1,TN,H5-I,254,HUNTER_MASTER_FREEZE_v1_2026/06_External_Validation/HUNTER_Stage24H5A_SequenceFreeze_v0_1_results/Stage24H5A_sequence_cache.csv,0.4240111597406883,0.4240111597406883,0.0,0,0,0,True,True,True
PITRM1,Q5JRX3,H5_CLASSICAL_REF,CLASSICAL_CLEAVABLE_PRESEQUENCE,A1_DIRECT_HUMAN_TARGETING,H5-I_CANDIDATE,NO,,NO,,,H5-I_PRIMARY_ELIGIBLE,,H5G08,0,0.2377286324059095,0.5428662440774465,0,1,TN,H5-I,1037,HUNTER_MASTER_FREEZE_v1_2026/06_External_Validation/HUNTER_Stage24H5A_SequenceFreeze_v0_1_results/Stage24H5A_sequence_cache.csv,0.23772863240590955,0.2377286324059095,5.551115123125783e-17,0,0,0,True,True,True
DMAC2L,Q99766,H5_CLASSICAL_REF,CLASSICAL_CLEAVABLE_PRESEQUENCE,A1_DIRECT_HUMAN_TARGETING,H5-I_CANDIDATE,NO,,NO,,,H5-I_PRIMARY_ELIGIBLE,,H5G14,0,0.4429950492005611,0.5428662440774465,0,1,TN,H5-I,200,HUNTER_MASTER_FREEZE_v1_2026/06_External_Validation/HUNTER_Stage24H5A_SequenceFreeze_v0_1_results/Stage24H5A_sequence_cache.csv,0.4429950492005611,0.4429950492005611,0.0,0,0,0,True,True,True
HTRA2,O43464,H5_CLASSICAL_REF,CLASSICAL_CLEAVABLE_BIPARTITE_PRESEQUENCE,A1_DIRECT_IMPORT_PROCESSING,H5-I_CANDIDATE,NO,,NO,,,H5-I_PRIMARY_ELIGIBLE,,H5G02,0,0.1674804612239177,0.5428662440774465,0,1,TN,H5-I,458,HUNTER_MASTER_FREEZE_v1_2026/06_External_Validation/HUNTER_Stage24H5A_SequenceFreeze_v0_1_results/Stage24H5A_sequence_cache.csv,0.1674804612239177,0.1674804612239177,0.0,0,0,0,True,True,True
LACTB,P83111,H5_CLASSICAL_REF,CLASSICAL_CLEAVABLE_BIPARTITE_PRESEQUENCE,A1_HUMAN_MATURE_NTERM,H5-I_CANDIDATE,NO,,NO,,,H5-I_PRIMARY_ELIGIBLE,,H5G07,0,0.2701151109712706,0.5428662440774465,0,1,TN,H5-I,547,HUNTER_MASTER_FREEZE_v1_2026/06_External_Validation/HUNTER_Stage24H5A_SequenceFreeze_v0_1_results/Stage24H5A_sequence_cache.csv,0.27011511097127067,0.2701151109712706,5.551115123125783e-17,0,0,0,True,True,True
PNPT1,Q8TCS8,H5_CLASSICAL_REF,CLASSICAL_CLEAVABLE_BIPARTITE_PRESEQUENCE,A1_DIRECT_HUMAN_IMPORT_PROCESSING,H5-I_CANDIDATE,NO,,NO,,,H5-I_PRIMARY_ELIGIBLE,,H5G11,0,0.3448662330561884,0.5428662440774465,0,1,TN,H5-I,783,HUNTER_MASTER_FREEZE_v1_2026/06_External_Validation/HUNTER_Stage24H5A_SequenceFreeze_v0_1_results/Stage24H5A_sequence_cache.csv,0.3448662330561884,0.3448662330561884,0.0,0,0,0,True,True,True
MRPL32,Q9BYC8,H5_CLASSICAL_REF,CLASSICAL_CLEAVABLE_PRESEQUENCE,A2_HUMAN_PRESEQUENCE_PROCESSING,H5-I_CANDIDATE,NO,,NO,,,H5-I_PRIMARY_ELIGIBLE,,H5G15,0,0.3523088784607726,0.5428662440774465,0,1,TN,H5-I,188,HUNTER_MASTER_FREEZE_v1_2026/06_External_Validation/HUNTER_Stage24H5A_SequenceFreeze_v0_1_results/Stage24H5A_sequence_cache.csv,0.35230887846077263,0.3523088784607726,5.551115123125783e-17,0,0,0,True,True,True
OMA1,Q96E52,H5_CLASSICAL_REF,CLASSICAL_CLEAVABLE_PRESEQUENCE,A2_DIRECT_IMPORT_PROCESSING,H5-I_CANDIDATE,NO,,NO,,,H5-I_PRIMARY_ELIGIBLE,,H5G13,0,0.3231031194927402,0.5428662440774465,0,1,TN,H5-I,524,HUNTER_MASTER_FREEZE_v1_2026/06_External_Validation/HUNTER_Stage24H5A_SequenceFreeze_v0_1_results/Stage24H5A_sequence_cache.csv,0.3231031194927402,0.3231031194927402,0.0,0,0,0,True,True,True
SLC25A5,P05141,H5_NCMTS_POS,NC_IMM_TIM22_CARRIER,A2_CARRIER_FAMILY_MECHANISM,H5-II_PRESPECIFIED,YES,SLC25A4|P12235|NCMTS_GOLD_POS,YES,SLC25A4|P12235|NCMTS_GOLD_POS,FULL30_CORE_CROSSCLUSTER;N100_40_CORE_CROSSCLUSTER,H5-II_PRESPECIFIED,SECONDARY_WITHIN_FAMILY_ONLY,,1,0.6293441898575546,0.5428662440774465,1,1,,H5-II,298,HUNTER_MASTER_FREEZE_v1_2026/06_External_Validation/HUNTER_Stage24H5A_SequenceFreeze_v0_1_results/Stage24H5A_sequence_cache.csv,0.6293441898575546,0.6293441898575546,0.0,1,1,1,True,True,True
SLC25A6,P12236,H5_NCMTS_POS,NC_IMM_TIM22_CARRIER,A2_CARRIER_FAMILY_MECHANISM,H5-II_PRESPECIFIED,YES,SLC25A4|P12235|NCMTS_GOLD_POS,YES,SLC25A4|P12235|NCMTS_GOLD_POS,FULL30_CORE_CROSSCLUSTER;N100_40_CORE_CROSSCLUSTER,H5-II_PRESPECIFIED,SECONDARY_WITHIN_FAMILY_ONLY,,1,0.6293441898575546,0.5428662440774465,1,1,,H5-II,298,HUNTER_MASTER_FREEZE_v1_2026/06_External_Validation/HUNTER_Stage24H5A_SequenceFreeze_v0_1_results/Stage24H5A_sequence_cache.csv,0.6293441898575546,0.6293441898575546,0.0,1,1,1,True,True,True
SLC25A11,Q02978,H5_NCMTS_POS,NC_IMM_TIM22_CARRIER,A2_CARRIER_FAMILY_MECHANISM,H5-II_PRESPECIFIED,YES,SLC25A10|Q9UBX3|NCMTS_GOLD_POS,NO,,FULL30_CORE_CROSSCLUSTER,H5-II_PRESPECIFIED,SECONDARY_WITHIN_FAMILY_ONLY,,1,0.4316606102322274,0.5428662440774465,0,0,,H5-II,314,HUNTER_MASTER_FREEZE_v1_2026/06_External_Validation/HUNTER_Stage24H5A_SequenceFreeze_v0_1_results/Stage24H5A_sequence_cache.csv,0.4316606102322274,0.4316606102322274,0.0,0,0,0,True,True,True
SLC25A13,Q9UJS0,H5_NCMTS_POS,NC_IMM_TIM22_CARRIER,A2_CARRIER_FAMILY_MECHANISM,H5-II_PRESPECIFIED,NO,,NO,,,H5-II_PRESPECIFIED,SECONDARY_WITHIN_FAMILY_ONLY,,1,0.5098762982716917,0.5428662440774465,0,0,,H5-II,675,HUNTER_MASTER_FREEZE_v1_2026/06_External_Validation/HUNTER_Stage24H5A_SequenceFreeze_v0_1_results/Stage24H5A_sequence_cache.csv,0.5098762982716917,0.5098762982716917,0.0,0,0,0,True,True,True
SLC25A24,Q6NUK1,H5_NCMTS_POS,NC_IMM_TIM22_CARRIER,A2_CARRIER_FAMILY_MECHANISM,H5-II_PRESPECIFIED,NO,,NO,,,H5-II_PRESPECIFIED,SECONDARY_WITHIN_FAMILY_ONLY,,1,0.6799846192938128,0.5428662440774465,1,1,,H5-II,477,HUNTER_MASTER_FREEZE_v1_2026/06_External_Validation/HUNTER_Stage24H5A_SequenceFreeze_v0_1_results/Stage24H5A_sequence_cache.csv,0.6799846192938128,0.6799846192938128,0.0,1,1,1,True,True,True
SLC25A28,Q96A46,H5_NCMTS_POS,NC_IMM_TIM22_CARRIER,A2_CARRIER_FAMILY_MECHANISM,H5-II_PRESPECIFIED,NO,,NO,,,H5-II_PRESPECIFIED,SECONDARY_WITHIN_FAMILY_ONLY,,1,0.6810587255216165,0.5428662440774465,1,1,,H5-II,364,HUNTER_MASTER_FREEZE_v1_2026/06_External_Validation/HUNTER_Stage24H5A_SequenceFreeze_v0_1_results/Stage24H5A_sequence_cache.csv,0.6810587255216165,0.6810587255216165,0.0,1,1,1,True,True,True
