UniProt_ID,Sequence_Length,Sequence_Source,N30_Len,N30_BasicFrac,N30_AcidicFrac,N30_NetChargeProxyPerRes,N30_ArgFrac,N30_LysFrac,N30_ProFrac,N30_GlyFrac,N30_CysFrac,N30_HydrophobicFrac,N30_AromaticFrac,N30_MeanKD,N30_HM100,N30_Entropy,N60_Len,N60_BasicFrac,N60_AcidicFrac,N60_NetChargeProxyPerRes,N60_ArgFrac,N60_LysFrac,N60_ProFrac,N60_GlyFrac,N60_CysFrac,N60_HydrophobicFrac,N60_AromaticFrac,N60_MeanKD,N60_HM100,N60_Entropy,N100_Len,N100_BasicFrac,N100_AcidicFrac,N100_NetChargeProxyPerRes,N100_ArgFrac,N100_LysFrac,N100_ProFrac,N100_GlyFrac,N100_CysFrac,N100_HydrophobicFrac,N100_AromaticFrac,N100_MeanKD,N100_HM100,N100_Entropy
Q8TB36,358,HUNTER_MASTER_FREEZE_v1_2026/06_External_Validation/HUNTER_Stage24H5A_SequenceFreeze_v0_1_results/Stage24H5A_sequence_cache.csv,30.0,0.16666666666666666,0.2,-0.03333333333333333,0.1,0.06666666666666667,0.06666666666666667,0.06666666666666667,0.0,0.36666666666666664,0.03333333333333333,-0.9800000000000001,0.4657521424791878,3.6695767463163937,60.0,0.15,0.16666666666666666,-0.016666666666666666,0.06666666666666667,0.08333333333333333,0.05,0.03333333333333333,0.016666666666666666,0.4,0.05,-0.5783333333333334,0.2671226855433915,3.929470547040282,100.0,0.1,0.17,-0.07,0.05,0.05,0.05,0.04,0.02,0.4,0.06,-0.462,0.17832508135172845,4.098411633757448
Q9NX63,227,HUNTER_MASTER_FREEZE_v1_2026/06_External_Validation/HUNTER_Stage24H5A_SequenceFreeze_v0_1_results/Stage24H5A_sequence_cache.csv,30.0,0.13333333333333333,0.16666666666666666,-0.03333333333333333,0.1,0.03333333333333333,0.0,0.1,0.0,0.3,0.03333333333333333,-0.5433333333333333,0.31317338208929546,3.5777471629109447,60.0,0.13333333333333333,0.15,-0.016666666666666666,0.08333333333333333,0.05,0.016666666666666666,0.1,0.0,0.2833333333333333,0.05,-0.7916666666666666,0.5805150770211093,3.792854097414264,100.0,0.19,0.2,-0.01,0.1,0.09,0.01,0.06,0.0,0.3,0.03,-1.109,0.23322071220332521,3.7825713186358847
Q8WYQ3,142,HUNTER_MASTER_FREEZE_v1_2026/06_External_Validation/HUNTER_Stage24H5A_SequenceFreeze_v0_1_results/Stage24H5A_sequence_cache.csv,30.0,0.13333333333333333,0.0,0.13333333333333333,0.13333333333333333,0.0,0.3,0.03333333333333333,0.0,0.26666666666666666,0.0,-0.9833333333333333,0.20455088746386924,2.4505377798848196,60.0,0.06666666666666667,0.0,0.06666666666666667,0.06666666666666667,0.0,0.21666666666666667,0.08333333333333333,0.0,0.4,0.0,-0.195,0.21730305406112155,2.91474235663525,100.0,0.04,0.01,0.03,0.04,0.0,0.19,0.11,0.0,0.38,0.01,-0.15700000000000003,0.166502351031543,3.1909589165628836
Q70CQ3,517,HUNTER_MASTER_FREEZE_v1_2026/06_External_Validation/HUNTER_Stage24H5A_SequenceFreeze_v0_1_results/Stage24H5A_sequence_cache.csv,30.0,0.2,0.06666666666666667,0.13333333333333333,0.16666666666666666,0.03333333333333333,0.0,0.03333333333333333,0.0,0.5333333333333333,0.06666666666666667,-0.14333333333333334,1.0385866736315865,3.453235913127292,60.0,0.15,0.05,0.1,0.1,0.05,0.016666666666666666,0.1,0.0,0.5666666666666667,0.08333333333333333,0.31333333333333335,0.820515271062402,3.745980739650704,100.0,0.14,0.05,0.09,0.09,0.05,0.03,0.1,0.02,0.53,0.09,0.262,0.8249323076965499,3.969240577206859
P57105,145,HUNTER_MASTER_FREEZE_v1_2026/06_External_Validation/HUNTER_Stage24H5A_SequenceFreeze_v0_1_results/Stage24H5A_sequence_cache.csv,30.0,0.06666666666666667,0.13333333333333333,-0.06666666666666667,0.06666666666666667,0.0,0.03333333333333333,0.2,0.0,0.36666666666666664,0.06666666666666667,-0.11000000000000003,0.5307378528647524,3.555913095175825,60.0,0.08333333333333333,0.13333333333333333,-0.05,0.06666666666666667,0.016666666666666666,0.016666666666666666,0.15,0.0,0.36666666666666664,0.06666666666666667,-0.4033333333333333,0.3150377906060979,3.8672606548594333,100.0,0.1,0.13,-0.03,0.07,0.03,0.01,0.12,0.0,0.39,0.06,-0.384,0.35804450376526015,3.909073285265993
O43169,150,HUNTER_MASTER_FREEZE_v1_2026/06_External_Validation/HUNTER_Stage24H5A_SequenceFreeze_v0_1_results/Stage24H5A_sequence_cache.csv,30.0,0.06666666666666667,0.16666666666666666,-0.1,0.03333333333333333,0.03333333333333333,0.0,0.13333333333333333,0.0,0.3333333333333333,0.06666666666666667,-0.61,0.15057975167052023,3.4695767463163936,60.0,0.11666666666666667,0.15,-0.03333333333333333,0.06666666666666667,0.05,0.016666666666666666,0.08333333333333333,0.0,0.38333333333333336,0.08333333333333333,-0.5266666666666667,0.428845808462671,3.983555755337558,100.0,0.09,0.19,-0.1,0.05,0.04,0.01,0.1,0.0,0.38,0.08,-0.531,0.43285137455569794,3.9666681281681604
Q9NQG6,463,HUNTER_MASTER_FREEZE_v1_2026/06_External_Validation/HUNTER_Stage24H5A_SequenceFreeze_v0_1_results/Stage24H5A_sequence_cache.csv,30.0,0.16666666666666666,0.13333333333333333,0.03333333333333333,0.06666666666666667,0.1,0.0,0.16666666666666666,0.0,0.4,0.03333333333333333,-0.27666666666666667,0.9961049163480548,3.6029100796497273,60.0,0.13333333333333333,0.08333333333333333,0.05,0.06666666666666667,0.06666666666666667,0.03333333333333333,0.15,0.0,0.4666666666666667,0.03333333333333333,0.16,0.4575314110988662,3.713175446562158,100.0,0.15,0.08,0.07,0.09,0.06,0.05,0.12,0.0,0.38,0.04,-0.337,0.37381759044339524,3.9228932180476903
O94826,608,HUNTER_MASTER_FREEZE_v1_2026/06_External_Validation/HUNTER_Stage24H5A_SequenceFreeze_v0_1_results/Stage24H5A_sequence_cache.csv,30.0,0.03333333333333333,0.03333333333333333,0.0,0.0,0.03333333333333333,0.06666666666666667,0.23333333333333334,0.0,0.4666666666666667,0.0,0.6666666666666666,0.07911024122529509,2.731519764647184,60.0,0.03333333333333333,0.016666666666666666,0.016666666666666666,0.016666666666666666,0.016666666666666666,0.08333333333333333,0.21666666666666667,0.0,0.5166666666666667,0.05,0.7416666666666667,0.10595243733532475,3.2636910442873157,100.0,0.13,0.06,0.07,0.1,0.03,0.09,0.19,0.0,0.36,0.03,-0.36700000000000005,0.03299178117557319,3.5652611896069915
P30536,169,HUNTER_MASTER_FREEZE_v1_2026/06_External_Validation/HUNTER_Stage24H5A_SequenceFreeze_v0_1_results/Stage24H5A_sequence_cache.csv,30.0,0.03333333333333333,0.03333333333333333,0.0,0.03333333333333333,0.0,0.13333333333333333,0.16666666666666666,0.03333333333333333,0.5,0.13333333333333333,0.5833333333333334,0.2140178806342423,3.5777471629109447,60.0,0.05,0.016666666666666666,0.03333333333333333,0.03333333333333333,0.016666666666666666,0.13333333333333333,0.13333333333333333,0.016666666666666666,0.5,0.16666666666666666,0.20333333333333328,0.49328746905745563,3.796834613373056,100.0,0.05,0.03,0.02,0.02,0.03,0.11,0.14,0.01,0.52,0.19,0.28099999999999997,0.29105361974331845,3.882607462931474
Q9NZJ7,389,HUNTER_MASTER_FREEZE_v1_2026/06_External_Validation/HUNTER_Stage24H5A_SequenceFreeze_v0_1_results/Stage24H5A_sequence_cache.csv,30.0,0.06666666666666667,0.06666666666666667,0.0,0.06666666666666667,0.0,0.06666666666666667,0.3,0.0,0.4666666666666667,0.03333333333333333,0.05,0.3528205192830153,2.6486037302133707,60.0,0.11666666666666667,0.06666666666666667,0.05,0.11666666666666667,0.0,0.15,0.18333333333333332,0.0,0.4,0.016666666666666666,-0.545,0.12651039482982285,2.9118894701087537,100.0,0.09,0.07,0.02,0.09,0.0,0.11,0.19,0.0,0.4,0.02,-0.23900000000000002,0.05153772949958331,3.35611440674431
Q9NTG7,399,HUNTER_MASTER_FREEZE_v1_2026/06_External_Validation/HUNTER_Stage24H5A_SequenceFreeze_v0_1_results/Stage24H5A_sequence_cache.csv,30.0,0.13333333333333333,0.06666666666666667,0.06666666666666667,0.13333333333333333,0.0,0.03333333333333333,0.2,0.0,0.5666666666666667,0.13333333333333333,0.2733333333333333,0.5170184396718654,3.047742678581274,60.0,0.13333333333333333,0.08333333333333333,0.05,0.13333333333333333,0.0,0.03333333333333333,0.21666666666666667,0.03333333333333333,0.4666666666666667,0.08333333333333333,-1.1102230246251566e-17,0.10134998477024251,3.4524867317434236,100.0,0.18,0.07,0.11,0.17,0.01,0.1,0.15,0.02,0.41,0.09,-0.37900000000000006,0.22403722192175426,3.5908609499034823
Q9Y6E7,314,HUNTER_MASTER_FREEZE_v1_2026/06_External_Validation/HUNTER_Stage24H5A_SequenceFreeze_v0_1_results/Stage24H5A_sequence_cache.csv,30.0,0.16666666666666666,0.0,0.16666666666666666,0.06666666666666667,0.1,0.06666666666666667,0.06666666666666667,0.03333333333333333,0.43333333333333335,0.1,-0.18000000000000002,0.33889369793078156,3.6947396630551763,60.0,0.16666666666666666,0.05,0.11666666666666667,0.06666666666666667,0.1,0.1,0.03333333333333333,0.016666666666666666,0.45,0.08333333333333333,0.006666666666666638,0.4611786985352491,3.903610230635393,100.0,0.16,0.08,0.08,0.09,0.07,0.09,0.07,0.01,0.39,0.08,-0.31000000000000005,0.3191748486381412,4.041217808057298
O95571,254,HUNTER_MASTER_FREEZE_v1_2026/06_External_Validation/HUNTER_Stage24H5A_SequenceFreeze_v0_1_results/Stage24H5A_sequence_cache.csv,30.0,0.16666666666666666,0.06666666666666667,0.1,0.16666666666666666,0.0,0.03333333333333333,0.1,0.0,0.4666666666666667,0.03333333333333333,-0.08333333333333336,0.4900387897776198,3.402910079649727,60.0,0.13333333333333333,0.11666666666666667,0.016666666666666666,0.13333333333333333,0.0,0.06666666666666667,0.06666666666666667,0.016666666666666666,0.45,0.05,-0.04166666666666669,0.16143084768608468,3.769576746316394,100.0,0.11,0.1,0.01,0.1,0.01,0.05,0.08,0.03,0.45,0.04,0.03499999999999996,0.4282057032241402,3.921404138236678
Q5JRX3,1037,HUNTER_MASTER_FREEZE_v1_2026/06_External_Validation/HUNTER_Stage24H5A_SequenceFreeze_v0_1_results/Stage24H5A_sequence_cache.csv,30.0,0.2,0.0,0.2,0.2,0.0,0.0,0.16666666666666666,0.06666666666666667,0.4,0.1,-0.7933333333333333,0.20968599846668493,3.3274213294333803,60.0,0.16666666666666666,0.05,0.11666666666666667,0.13333333333333333,0.03333333333333333,0.016666666666666666,0.11666666666666667,0.05,0.4,0.08333333333333333,-0.6133333333333334,0.14780622223147763,4.0246289794493935,100.0,0.14,0.08,0.06,0.11,0.03,0.02,0.08,0.03,0.39,0.09,-0.553,0.06705104608663615,4.0922929245944974
Q99766,200,HUNTER_MASTER_FREEZE_v1_2026/06_External_Validation/HUNTER_Stage24H5A_SequenceFreeze_v0_1_results/Stage24H5A_sequence_cache.csv,30.0,0.13333333333333333,0.03333333333333333,0.1,0.03333333333333333,0.1,0.06666666666666667,0.1,0.06666666666666667,0.5,0.2,-0.10000000000000003,0.4931794593538931,3.781076011914607,60.0,0.15,0.1,0.05,0.08333333333333333,0.06666666666666667,0.05,0.08333333333333333,0.05,0.48333333333333334,0.15,-0.29333333333333333,0.3527557878071082,4.061836855537892,100.0,0.14,0.11,0.03,0.07,0.07,0.05,0.07,0.04,0.45,0.13,-0.48300000000000004,0.16180430686821512,4.211630537573869
O43464,458,HUNTER_MASTER_FREEZE_v1_2026/06_External_Validation/HUNTER_Stage24H5A_SequenceFreeze_v0_1_results/Stage24H5A_sequence_cache.csv,30.0,0.26666666666666666,0.0,0.26666666666666666,0.26666666666666666,0.0,0.06666666666666667,0.2,0.0,0.43333333333333335,0.1,-0.6766666666666666,0.40185502658233724,2.781076011914607,60.0,0.2,0.03333333333333333,0.16666666666666666,0.2,0.0,0.08333333333333333,0.13333333333333333,0.0,0.4,0.08333333333333333,-0.5066666666666667,0.37350418391651796,3.29989658852666,100.0,0.16,0.06,0.1,0.16,0.0,0.09,0.12,0.01,0.35,0.05,-0.518,0.3035237049224909,3.5498242165814915
P83111,547,HUNTER_MASTER_FREEZE_v1_2026/06_External_Validation/HUNTER_Stage24H5A_SequenceFreeze_v0_1_results/Stage24H5A_sequence_cache.csv,30.0,0.16666666666666666,0.0,0.16666666666666666,0.16666666666666666,0.0,0.03333333333333333,0.13333333333333333,0.03333333333333333,0.4666666666666667,0.03333333333333333,-0.12333333333333334,0.5475063715362851,3.3777471629109446,60.0,0.1,0.0,0.1,0.08333333333333333,0.016666666666666666,0.05,0.25,0.016666666666666666,0.48333333333333334,0.03333333333333333,0.47833333333333333,0.2824719380648238,3.2684598084271417,100.0,0.07,0.04,0.03,0.06,0.01,0.15,0.16,0.02,0.42,0.03,-0.01900000000000003,0.16377004708659107,3.490921062462184
Q8TCS8,783,HUNTER_MASTER_FREEZE_v1_2026/06_External_Validation/HUNTER_Stage24H5A_SequenceFreeze_v0_1_results/Stage24H5A_sequence_cache.csv,30.0,0.2,0.06666666666666667,0.13333333333333333,0.2,0.0,0.1,0.03333333333333333,0.13333333333333333,0.5333333333333333,0.06666666666666667,0.026666666666666613,0.23164599442745418,3.155913095175825,60.0,0.16666666666666666,0.06666666666666667,0.1,0.15,0.016666666666666666,0.05,0.05,0.06666666666666667,0.48333333333333334,0.05,-0.016666666666666698,0.24816395016777923,3.739038514286606,100.0,0.14,0.06,0.08,0.1,0.04,0.06,0.06,0.04,0.47,0.05,0.12099999999999998,0.2754035272835753,3.84749441566346
Q9BYC8,188,HUNTER_MASTER_FREEZE_v1_2026/06_External_Validation/HUNTER_Stage24H5A_SequenceFreeze_v0_1_results/Stage24H5A_sequence_cache.csv,30.0,0.16666666666666666,0.03333333333333333,0.13333333333333333,0.13333333333333333,0.03333333333333333,0.03333333333333333,0.03333333333333333,0.0,0.6333333333333333,0.1,0.5,0.6511135188603474,3.3898980954642877,60.0,0.1,0.03333333333333333,0.06666666666666667,0.08333333333333333,0.016666666666666666,0.15,0.06666666666666667,0.0,0.5,0.1,0.09666666666666664,0.47000312506089,3.685917579505496,100.0,0.15,0.06,0.09,0.11,0.04,0.11,0.05,0.01,0.42,0.08,-0.38900000000000007,0.23699744263269032,3.9558191661100612
Q96E52,524,HUNTER_MASTER_FREEZE_v1_2026/06_External_Validation/HUNTER_Stage24H5A_SequenceFreeze_v0_1_results/Stage24H5A_sequence_cache.csv,30.0,0.13333333333333333,0.0,0.13333333333333333,0.1,0.03333333333333333,0.0,0.03333333333333333,0.06666666666666667,0.4666666666666667,0.16666666666666666,-0.1766666666666667,0.4630607026558952,3.7483943455364033,60.0,0.11666666666666667,0.016666666666666666,0.1,0.08333333333333333,0.03333333333333333,0.0,0.06666666666666667,0.06666666666666667,0.4166666666666667,0.1,-0.3616666666666667,0.33836406845731054,3.9485579975023932,100.0,0.13,0.02,0.11,0.07,0.06,0.01,0.07,0.05,0.39,0.14,-0.441,0.27314194483660104,4.046888411927174
P05141,298,HUNTER_MASTER_FREEZE_v1_2026/06_External_Validation/HUNTER_Stage24H5A_SequenceFreeze_v0_1_results/Stage24H5A_sequence_cache.csv,30.0,0.06666666666666667,0.1,-0.03333333333333333,0.0,0.06666666666666667,0.03333333333333333,0.06666666666666667,0.0,0.6,0.06666666666666667,0.8466666666666666,0.09664450975706321,3.330750178437043,60.0,0.13333333333333333,0.08333333333333333,0.05,0.03333333333333333,0.1,0.016666666666666666,0.05,0.016666666666666666,0.5333333333333333,0.05,0.35333333333333333,0.10802665434949359,3.7887354248640577,100.0,0.14,0.07,0.07,0.04,0.1,0.03,0.05,0.01,0.52,0.11,0.161,0.18605929893997059,3.985471317426411
P12236,298,HUNTER_MASTER_FREEZE_v1_2026/06_External_Validation/HUNTER_Stage24H5A_SequenceFreeze_v0_1_results/Stage24H5A_sequence_cache.csv,30.0,0.06666666666666667,0.1,-0.03333333333333333,0.0,0.06666666666666667,0.03333333333333333,0.06666666666666667,0.0,0.5666666666666667,0.06666666666666667,0.69,0.21562396734981226,3.440223928941852,60.0,0.13333333333333333,0.08333333333333333,0.05,0.03333333333333333,0.1,0.016666666666666666,0.05,0.016666666666666666,0.5333333333333333,0.05,0.31666666666666665,0.022676436447972688,3.7952414169567774,100.0,0.14,0.07,0.07,0.04,0.1,0.03,0.05,0.01,0.52,0.11,0.13899999999999998,0.19146288330901032,3.979570412768582
Q02978,314,HUNTER_MASTER_FREEZE_v1_2026/06_External_Validation/HUNTER_Stage24H5A_SequenceFreeze_v0_1_results/Stage24H5A_sequence_cache.csv,30.0,0.13333333333333333,0.03333333333333333,0.1,0.03333333333333333,0.1,0.06666666666666667,0.2,0.0,0.4,0.06666666666666667,0.12333333333333331,0.7843027643529975,3.4192509128388293,60.0,0.13333333333333333,0.06666666666666667,0.06666666666666667,0.05,0.08333333333333333,0.05,0.16666666666666666,0.0,0.4,0.05,-0.05833333333333335,0.5916827534749559,3.7492553971685,100.0,0.13,0.05,0.08,0.06,0.07,0.03,0.15,0.0,0.41,0.07,-0.02600000000000002,0.3841262646920551,3.8034734329491244
Q9UJS0,675,HUNTER_MASTER_FREEZE_v1_2026/06_External_Validation/HUNTER_Stage24H5A_SequenceFreeze_v0_1_results/Stage24H5A_sequence_cache.csv,30.0,0.2,0.1,0.1,0.06666666666666667,0.13333333333333333,0.03333333333333333,0.0,0.0,0.5333333333333333,0.06666666666666667,-0.060000000000000005,0.17073619437720416,3.560011530389629,60.0,0.13333333333333333,0.11666666666666667,0.016666666666666666,0.05,0.08333333333333333,0.06666666666666667,0.03333333333333333,0.0,0.45,0.11666666666666667,-0.2416666666666667,0.2775145099627203,3.955063989595113,100.0,0.09,0.13,-0.04,0.03,0.06,0.05,0.04,0.01,0.5,0.13,0.17499999999999996,0.19802945620821308,3.981489769979937
Q6NUK1,477,HUNTER_MASTER_FREEZE_v1_2026/06_External_Validation/HUNTER_Stage24H5A_SequenceFreeze_v0_1_results/Stage24H5A_sequence_cache.csv,30.0,0.1,0.13333333333333333,-0.03333333333333333,0.1,0.0,0.06666666666666667,0.0,0.03333333333333333,0.5,0.13333333333333333,-0.2966666666666667,0.46268623407572274,3.631401845392172,60.0,0.08333333333333333,0.18333333333333332,-0.1,0.08333333333333333,0.0,0.05,0.1,0.016666666666666666,0.4166666666666667,0.06666666666666667,-0.37000000000000005,0.6643592308745582,3.8026889385106464,100.0,0.15,0.2,-0.05,0.05,0.1,0.03,0.08,0.01,0.39,0.09,-0.63,0.6664552587960063,3.976095274341554
Q96A46,364,HUNTER_MASTER_FREEZE_v1_2026/06_External_Validation/HUNTER_Stage24H5A_SequenceFreeze_v0_1_results/Stage24H5A_sequence_cache.csv,30.0,0.06666666666666667,0.13333333333333333,-0.06666666666666667,0.06666666666666667,0.0,0.1,0.3,0.0,0.3333333333333333,0.0,-0.2166666666666667,0.16184431835255206,2.9601029958115843,60.0,0.1,0.11666666666666667,-0.016666666666666666,0.1,0.0,0.1,0.3,0.016666666666666666,0.3,0.016666666666666666,-0.5333333333333333,0.14607552880447983,3.20117621992342,100.0,0.08,0.11,-0.03,0.07,0.01,0.09,0.21,0.03,0.4,0.03,-0.131,0.1843433574311485,3.7052420923551037
